Year, Quantity
1996,445.3640981
1997,453.1950104
1998,454.409641
1999,422.3789058
2000,456.0371217
2001,440.3866047
2002,425.1943725
2003,486.2051735
2004,500.4290861
2005,521.2759092
2006,508.947617
2007,488.8888577
